index,City,Date,Card Type,Exp Type,Gender,Amount
0,"Delhi, India",29-Oct-14,Gold,Bills,F,82475
1,"Greater Mumbai, India",22-Aug-14,Platinum,Bills,F,32555
2,"Bengaluru, India",27-Aug-14,Silver,Bills,F,101738
3,"Greater Mumbai, India",12-Apr-14,Signature,Bills,F,123424
4,"Bengaluru, India",5-May-15,Gold,Bills,F,171574
5,"Delhi, India",8-Sep-14,Silver,Bills,F,100036
6,"Delhi, India",24-Feb-15,Gold,Bills,F,143250
7,"Greater Mumbai, India",26-Jun-14,Platinum,Bills,F,150980
8,"Delhi, India",28-Mar-14,Silver,Bills,F,192247
9,"Delhi, India",1-Sep-14,Platinum,Bills,F,67932
10,"Delhi, India",22-Jun-14,Platinum,Bills,F,280061
11,"Greater Mumbai, India",7-Dec-13,Signature,Bills,F,278036
12,"Greater Mumbai, India",7-Aug-14,Gold,Bills,F,19226
13,"Delhi, India",27-Apr-14,Signature,Bills,F,254359
14,"Greater Mumbai, India",15-Aug-14,Signature,Bills,F,302834
15,"Greater Mumbai, India",28-Nov-14,Platinum,Bills,F,647116
16,"Greater Mumbai, India",14-Jun-14,Signature,Bills,F,421878
17,"Greater Mumbai, India",30-Mar-15,Gold,Bills,F,986379
18,"Greater Mumbai, India",15-Mar-14,Platinum,Bills,F,213047
19,"Greater Mumbai, India",9-Nov-13,Platinum,Bills,F,735566
20,"Delhi, India",4-Apr-14,Signature,Bills,F,366102
21,"Delhi, India",1-Jul-14,Signature,Bills,F,809623
22,"Greater Mumbai, India",27-Mar-15,Silver,Bills,F,467014
23,"Ahmedabad, India",11-Oct-13,Gold,Bills,F,668568
24,"Ahmedabad, India",26-Mar-14,Gold,Bills,F,339112
25,"Delhi, India",27-Sep-14,Silver,Bills,F,622170
26,"Bengaluru, India",23-Mar-14,Platinum,Bills,F,434427
27,"Greater Mumbai, India",17-May-14,Signature,Bills,F,655846
28,"Bengaluru, India",18-Jan-15,Platinum,Bills,F,987935
29,"Delhi, India",18-Apr-15,Gold,Bills,F,702774
30,"Bengaluru, India",31-Jul-14,Signature,Bills,F,225392
31,"Greater Mumbai, India",11-Feb-15,Gold,Bills,F,296573
32,"Ahmedabad, India",24-Nov-13,Platinum,Bills,F,227702
33,"Ahmedabad, India",8-Nov-14,Gold,Bills,F,864090
34,"Ahmedabad, India",6-Sep-14,Signature,Bills,F,440605
35,"Ahmedabad, India",24-Mar-15,Platinum,Bills,F,954660
36,"Ahmedabad, India",1-Jan-14,Signature,Bills,F,255577
37,"Ahmedabad, India",12-Jul-14,Silver,Bills,F,337352
38,"Ahmedabad, India",4-Feb-14,Platinum,Bills,F,660244
39,"Delhi, India",3-Feb-15,Silver,Bills,F,401351
40,"Delhi, India",27-Oct-13,Platinum,Bills,F,678842
41,"Delhi, India",11-May-14,Gold,Bills,F,478861
42,"Bengaluru, India",10-Nov-14,Platinum,Bills,F,804938
43,"Delhi, India",30-Jan-15,Silver,Bills,F,888341
44,"Bengaluru, India",19-Apr-14,Platinum,Bills,F,262414
45,"Bengaluru, India",8-Sep-14,Gold,Bills,F,249353
46,"Ahmedabad, India",10-Dec-13,Gold,Bills,F,892016
47,"Ahmedabad, India",4-Nov-13,Platinum,Bills,F,313626
48,"Greater Mumbai, India",1-Jun-14,Gold,Bills,F,314366
49,"Greater Mumbai, India",27-Apr-14,Signature,Bills,F,551340
50,"Delhi, India",4-Oct-13,Signature,Bills,F,735037
51,"Greater Mumbai, India",31-Dec-14,Platinum,Bills,F,574023
52,"Ahmedabad, India",21-Dec-13,Signature,Bills,F,402300
53,"Delhi, India",7-Dec-13,Signature,Bills,F,733125
54,"Greater Mumbai, India",7-Feb-14,Signature,Bills,F,545977
55,"Bengaluru, India",13-May-15,Silver,Bills,F,371572
56,"Ahmedabad, India",28-Jan-15,Signature,Bills,F,326283
57,"Delhi, India",9-Dec-14,Platinum,Bills,F,279051
58,"Delhi, India",8-Oct-13,Platinum,Bills,F,900101
59,"Ahmedabad, India",24-Apr-14,Silver,Bills,F,545286
60,"Delhi, India",13-Jan-15,Platinum,Bills,F,722587
61,"Bengaluru, India",14-Mar-14,Platinum,Bills,F,411062
62,"Delhi, India",27-Feb-14,Platinum,Bills,F,660910
63,"Greater Mumbai, India",29-Oct-13,Signature,Bills,F,557370
64,"Greater Mumbai, India",22-Jun-14,Platinum,Bills,F,549794
65,"Delhi, India",23-Jan-14,Platinum,Bills,F,340133
66,"Bengaluru, India",10-Nov-13,Gold,Bills,F,265417
67,"Greater Mumbai, India",13-Dec-13,Platinum,Bills,F,358185
68,"Greater Mumbai, India",22-Mar-14,Gold,Bills,F,991685
69,"Greater Mumbai, India",13-Jan-15,Gold,Bills,F,533762
70,"Greater Mumbai, India",8-May-14,Gold,Bills,F,829742
71,"Delhi, India",18-Feb-14,Silver,Bills,F,441527
72,"Delhi, India",4-Oct-13,Signature,Bills,F,550782
73,"Greater Mumbai, India",14-Jun-14,Platinum,Bills,F,835872
74,"Ahmedabad, India",24-Aug-14,Silver,Bills,F,540497
75,"Greater Mumbai, India",2-Apr-15,Platinum,Bills,F,525977
76,"Greater Mumbai, India",27-Jun-14,Gold,Bills,F,789393
77,"Greater Mumbai, India",6-Feb-15,Platinum,Bills,F,689478
78,"Bengaluru, India",29-Mar-14,Silver,Bills,F,499079
79,"Ahmedabad, India",22-Apr-14,Platinum,Bills,F,665107
80,"Greater Mumbai, India",14-Oct-14,Platinum,Bills,F,998077
81,"Ahmedabad, India",2-Feb-14,Silver,Bills,F,934205
82,"Bengaluru, India",1-Apr-15,Platinum,Bills,F,823426
83,"Ahmedabad, India",13-Jan-15,Signature,Bills,F,282910
84,"Bengaluru, India",27-Mar-14,Gold,Bills,F,418675
85,"Ahmedabad, India",17-Feb-15,Silver,Bills,F,804949
86,"Bengaluru, India",10-Feb-15,Gold,Bills,F,686601
87,"Greater Mumbai, India",26-Feb-14,Silver,Bills,F,561220
88,"Greater Mumbai, India",7-May-15,Gold,Bills,F,762534
89,"Bengaluru, India",5-Jan-14,Gold,Bills,F,327947
90,"Bengaluru, India",7-Apr-14,Gold,Bills,F,492986
91,"Delhi, India",20-Feb-15,Signature,Bills,F,369237
92,"Bengaluru, India",19-Jan-15,Platinum,Bills,F,983839
93,"Ahmedabad, India",14-Nov-14,Gold,Bills,F,776716
94,"Greater Mumbai, India",21-Jul-14,Gold,Bills,F,664632
95,"Bengaluru, India",3-Feb-15,Gold,Bills,F,466727
96,"Bengaluru, India",1-Nov-13,Gold,Bills,F,896384
97,"Delhi, India",7-Dec-13,Signature,Bills,F,712001
98,"Greater Mumbai, India",5-Aug-14,Silver,Bills,F,246865
99,"Greater Mumbai, India",8-Jan-15,Signature,Bills,F,858729
100,"Delhi, India",11-Apr-15,Platinum,Bills,F,581882
101,"Greater Mumbai, India",15-Feb-15,Signature,Bills,F,646426
102,"Bengaluru, India",24-Mar-15,Silver,Bills,F,687088
103,"Bengaluru, India",13-Oct-13,Signature,Bills,F,973026
104,"Greater Mumbai, India",24-Apr-15,Silver,Bills,F,944398
105,"Ahmedabad, India",9-Nov-14,Platinum,Bills,F,414422
106,"Bengaluru, India",4-Feb-15,Signature,Bills,F,408503
107,"Bengaluru, India",6-Mar-14,Signature,Bills,F,984466
108,"Greater Mumbai, India",27-Mar-14,Gold,Bills,F,919997
109,"Greater Mumbai, India",13-Nov-13,Signature,Bills,F,535101
110,"Greater Mumbai, India",22-Oct-13,Signature,Bills,F,978301
111,"Greater Mumbai, India",27-Sep-14,Gold,Bills,F,880406
112,"Ahmedabad, India",14-Nov-14,Silver,Bills,F,447241
113,"Bengaluru, India",21-Oct-13,Platinum,Bills,F,382191
114,"Bengaluru, India",15-May-15,Silver,Bills,F,775859
115,"Bengaluru, India",21-Mar-14,Platinum,Bills,F,832637
116,"Bengaluru, India",3-Apr-15,Platinum,Bills,F,458526
117,"Ahmedabad, India",6-Apr-15,Signature,Bills,F,440995
118,"Ahmedabad, India",5-Nov-13,Platinum,Bills,F,490128
119,"Delhi, India",7-Oct-13,Platinum,Bills,F,897079
120,"Delhi, India",31-Oct-14,Gold,Bills,F,431948
121,"Bengaluru, India",3-Apr-14,Silver,Bills,F,228072
122,"Delhi, India",21-Nov-13,Gold,Bills,F,757649
123,"Delhi, India",11-May-14,Signature,Bills,F,919877
124,"Greater Mumbai, India",23-May-14,Gold,Bills,F,605615
125,"Bengaluru, India",22-May-15,Platinum,Bills,F,500852
126,"Greater Mumbai, India",15-Feb-15,Signature,Bills,F,488136
127,"Delhi, India",16-Jun-14,Gold,Bills,F,937828
128,"Delhi, India",27-Jan-14,Gold,Bills,F,315873
129,"Greater Mumbai, India",20-May-15,Silver,Bills,F,567623
130,"Greater Mumbai, India",29-Oct-13,Platinum,Bills,F,555123
131,"Bengaluru, India",20-Apr-14,Gold,Bills,F,498843
132,"Greater Mumbai, India",23-May-14,Silver,Bills,F,752610
133,"Greater Mumbai, India",11-Mar-15,Platinum,Bills,F,494540
134,"Delhi, India",27-Oct-13,Gold,Bills,F,996754
135,"Ahmedabad, India",14-Jul-14,Signature,Bills,F,245572
136,"Delhi, India",18-Apr-14,Gold,Bills,F,974384
137,"Ahmedabad, India",25-Mar-14,Silver,Bills,F,846635
138,"Ahmedabad, India",1-Sep-14,Silver,Bills,F,635473
139,"Delhi, India",23-Mar-15,Gold,Bills,F,224510
140,"Delhi, India",24-Jan-15,Silver,Bills,F,478671
141,"Greater Mumbai, India",4-Oct-13,Gold,Bills,F,990700
142,"Delhi, India",14-Mar-14,Gold,Bills,F,228565
143,"Bengaluru, India",3-Jan-14,Silver,Bills,F,297732
144,"Greater Mumbai, India",3-Dec-14,Signature,Bills,F,559262
145,"Bengaluru, India",1-Jul-14,Signature,Bills,F,809907
146,"Ahmedabad, India",21-Aug-14,Signature,Bills,F,428316
147,"Ahmedabad, India",5-Mar-14,Signature,Bills,F,275065
148,"Bengaluru, India",20-Apr-14,Silver,Bills,F,845653
149,"Ahmedabad, India",20-Nov-13,Signature,Bills,F,236296
150,"Bengaluru, India",25-Sep-14,Signature,Bills,F,440572
151,"Ahmedabad, India",6-Feb-15,Gold,Bills,F,478115
152,"Bengaluru, India",26-Oct-13,Gold,Bills,F,897621
153,"Greater Mumbai, India",6-May-15,Signature,Bills,F,554281
154,"Delhi, India",30-Sep-14,Silver,Bills,F,245452
155,"Delhi, India",17-Jan-14,Platinum,Bills,F,365045
156,"Greater Mumbai, India",11-Jan-15,Gold,Bills,F,496047
157,"Bengaluru, India",11-Feb-15,Silver,Bills,F,466814
158,"Bengaluru, India",10-Nov-14,Gold,Bills,F,835177
159,"Delhi, India",12-Jan-15,Silver,Bills,F,219698
160,"Bengaluru, India",18-Oct-14,Silver,Bills,F,784541
161,"Delhi, India",25-Oct-13,Signature,Bills,F,576994
162,"Bengaluru, India",15-May-15,Gold,Bills,F,464663
163,"Bengaluru, India",3-May-14,Platinum,Bills,F,380270
164,"Ahmedabad, India",2-Oct-14,Silver,Bills,F,772082
165,"Delhi, India",9-Apr-15,Gold,Bills,F,230853
166,"Bengaluru, India",6-Oct-13,Signature,Bills,F,677654
167,"Greater Mumbai, India",5-Feb-14,Signature,Bills,F,929247
168,"Ahmedabad, India",9-Apr-15,Platinum,Bills,F,851374
169,"Ahmedabad, India",19-Jan-14,Platinum,Bills,F,637600
170,"Greater Mumbai, India",9-Nov-13,Platinum,Bills,F,681749
171,"Delhi, India",25-Mar-14,Silver,Bills,F,847958
172,"Greater Mumbai, India",18-Feb-14,Gold,Bills,F,877569
173,"Ahmedabad, India",14-Oct-13,Platinum,Bills,F,450413
174,"Bengaluru, India",1-May-15,Signature,Bills,F,219041
175,"Bengaluru, India",31-Dec-14,Gold,Bills,F,866572
176,"Greater Mumbai, India",26-Mar-14,Signature,Bills,F,570791
177,"Ahmedabad, India",28-Apr-14,Silver,Bills,F,705464
178,"Greater Mumbai, India",6-Apr-14,Signature,Bills,F,806821
179,"Greater Mumbai, India",27-Mar-14,Platinum,Bills,F,515472
180,"Ahmedabad, India",23-Sep-14,Silver,Bills,F,352207
181,"Ahmedabad, India",4-Mar-15,Gold,Bills,F,342761
182,"Bengaluru, India",27-Feb-14,Signature,Bills,F,249099
183,"Ahmedabad, India",27-Aug-14,Platinum,Bills,F,995634
184,"Bengaluru, India",12-Dec-14,Signature,Bills,F,435097
185,"Ahmedabad, India",16-Jun-14,Platinum,Bills,F,797815
186,"Delhi, India",2-Jan-14,Gold,Bills,F,326922
187,"Bengaluru, India",11-Dec-14,Gold,Bills,F,396241
188,"Delhi, India",14-Dec-14,Gold,Bills,F,486949
189,"Greater Mumbai, India",17-Jan-14,Gold,Bills,F,333483
190,"Ahmedabad, India",5-Oct-13,Platinum,Bills,F,612572
191,"Bengaluru, India",18-Mar-15,Silver,Bills,F,327244
192,"Ahmedabad, India",4-Feb-14,Silver,Bills,F,955468
193,"Greater Mumbai, India",25-Feb-15,Gold,Bills,F,927864
194,"Delhi, India",28-Mar-14,Signature,Bills,F,555220
195,"Delhi, India",28-Dec-14,Silver,Bills,F,952640
196,"Ahmedabad, India",31-May-14,Silver,Bills,F,695749
197,"Greater Mumbai, India",22-Aug-14,Platinum,Bills,F,365724
198,"Greater Mumbai, India",3-Mar-15,Platinum,Bills,F,738108
199,"Ahmedabad, India",17-Jan-15,Platinum,Bills,F,650785
200,"Delhi, India",23-Oct-14,Signature,Bills,F,611486
201,"Bengaluru, India",5-Aug-14,Platinum,Bills,F,965721
202,"Ahmedabad, India",12-Oct-14,Gold,Bills,F,413052
203,"Ahmedabad, India",22-Jan-14,Silver,Bills,F,584822
204,"Ahmedabad, India",25-Mar-15,Gold,Bills,F,980146
205,"Ahmedabad, India",10-Oct-14,Signature,Bills,F,926072
206,"Delhi, India",16-Apr-14,Silver,Bills,F,482394
207,"Bengaluru, India",21-Feb-14,Signature,Bills,F,718346
208,"Bengaluru, India",24-Apr-14,Silver,Bills,F,491598
209,"Delhi, India",7-Sep-14,Platinum,Bills,F,848852
210,"Bengaluru, India",28-Dec-14,Gold,Bills,F,396139
211,"Ahmedabad, India",13-Oct-14,Signature,Bills,F,856974
212,"Ahmedabad, India",3-Apr-15,Signature,Bills,F,855990
213,"Delhi, India",16-Feb-15,Signature,Bills,F,924776
214,"Greater Mumbai, India",3-Apr-14,Signature,Bills,F,204850
215,"Delhi, India",3-Nov-13,Platinum,Bills,F,780669
216,"Greater Mumbai, India",17-Apr-14,Signature,Bills,F,887442
217,"Delhi, India",22-Jan-14,Signature,Bills,F,297820
218,"Delhi, India",14-Mar-15,Signature,Bills,F,687879
219,"Greater Mumbai, India",13-Oct-13,Silver,Bills,F,738456
220,"Delhi, India",24-Aug-14,Platinum,Bills,F,378535
221,"Greater Mumbai, India",9-May-15,Silver,Bills,F,334116
222,"Delhi, India",7-Jun-14,Silver,Bills,F,772360
223,"Ahmedabad, India",26-Nov-14,Gold,Bills,F,580796
224,"Greater Mumbai, India",21-Oct-14,Silver,Bills,F,855465
225,"Greater Mumbai, India",15-Jun-14,Gold,Bills,F,978989
226,"Ahmedabad, India",25-Apr-15,Gold,Bills,F,451874
227,"Ahmedabad, India",7-Sep-14,Silver,Bills,F,670750
228,"Bengaluru, India",19-May-15,Signature,Bills,F,977951
229,"Delhi, India",23-Feb-14,Platinum,Bills,F,403466
230,"Delhi, India",28-Oct-13,Signature,Bills,F,861177
231,"Ahmedabad, India",17-Dec-14,Gold,Bills,F,528612
232,"Ahmedabad, India",4-Dec-14,Signature,Bills,F,339670
233,"Delhi, India",18-Nov-13,Signature,Bills,F,963751
234,"Ahmedabad, India",30-Nov-14,Gold,Bills,F,761930
235,"Ahmedabad, India",21-Aug-14,Signature,Bills,F,852806
236,"Delhi, India",25-May-14,Signature,Bills,F,207755
237,"Greater Mumbai, India",19-Apr-15,Gold,Bills,F,489540
238,"Ahmedabad, India",25-Mar-14,Silver,Bills,F,274395
239,"Bengaluru, India",11-Feb-14,Platinum,Bills,F,566945
240,"Ahmedabad, India",9-Dec-14,Gold,Bills,F,705690
241,"Bengaluru, India",25-Mar-14,Gold,Bills,F,894888
242,"Greater Mumbai, India",2-Jan-14,Platinum,Bills,F,811899
243,"Greater Mumbai, India",25-Dec-14,Silver,Bills,F,677645
244,"Greater Mumbai, India",16-Oct-14,Platinum,Bills,F,326162
245,"Delhi, India",19-Apr-15,Platinum,Bills,F,316946
246,"Delhi, India",20-Jan-14,Platinum,Bills,F,622373
247,"Bengaluru, India",10-May-14,Signature,Bills,F,640653
248,"Ahmedabad, India",9-Jan-15,Signature,Bills,F,745493
249,"Delhi, India",31-Oct-13,Gold,Bills,F,868021
250,"Delhi, India",28-Nov-14,Platinum,Bills,F,284923
251,"Bengaluru, India",21-Jul-14,Platinum,Bills,F,814422
252,"Bengaluru, India",22-Apr-15,Gold,Bills,F,599741
253,"Ahmedabad, India",10-Jun-14,Platinum,Bills,F,804560
254,"Ahmedabad, India",17-Apr-15,Gold,Bills,F,996291
255,"Ahmedabad, India",9-Nov-13,Platinum,Bills,F,477553
256,"Delhi, India",2-Jan-15,Gold,Bills,F,216028
257,"Greater Mumbai, India",10-Mar-15,Signature,Bills,F,275427
258,"Delhi, India",22-Dec-13,Silver,Bills,F,722048
259,"Delhi, India",14-Feb-15,Silver,Bills,F,292365
260,"Ahmedabad, India",30-Jan-15,Silver,Bills,F,400393
261,"Greater Mumbai, India",1-Apr-14,Platinum,Bills,F,219720
262,"Delhi, India",15-Feb-15,Signature,Bills,F,981404
263,"Bengaluru, India",24-Nov-14,Signature,Bills,F,639670
264,"Bengaluru, India",7-Aug-14,Gold,Bills,F,814333
265,"Ahmedabad, India",17-Oct-13,Gold,Bills,F,569582
266,"Ahmedabad, India",25-May-14,Gold,Bills,F,954111
267,"Ahmedabad, India",16-May-14,Gold,Bills,F,635267
268,"Delhi, India",11-Oct-13,Gold,Bills,F,393651
269,"Ahmedabad, India",2-Jun-14,Platinum,Bills,F,572306
270,"Ahmedabad, India",6-Aug-14,Silver,Bills,F,407647
271,"Greater Mumbai, India",26-Jan-15,Gold,Bills,F,734396
272,"Delhi, India",2-Mar-15,Platinum,Bills,F,224414
273,"Ahmedabad, India",10-Sep-14,Signature,Bills,F,203194
274,"Greater Mumbai, India",22-Jan-15,Gold,Bills,F,250410
275,"Delhi, India",4-Apr-15,Silver,Bills,F,830697
276,"Greater Mumbai, India",16-May-14,Platinum,Bills,F,790800
277,"Greater Mumbai, India",22-Feb-14,Silver,Bills,F,638570
278,"Greater Mumbai, India",13-Aug-14,Silver,Bills,F,380409
279,"Greater Mumbai, India",1-Apr-14,Gold,Bills,F,601631
280,"Ahmedabad, India",8-Jan-14,Gold,Bills,F,690534
281,"Ahmedabad, India",5-Mar-15,Silver,Bills,F,423661
282,"Greater Mumbai, India",8-Dec-14,Silver,Bills,F,936294
283,"Bengaluru, India",29-Nov-14,Platinum,Bills,F,537050
284,"Delhi, India",8-Mar-15,Silver,Bills,F,899343
285,"Greater Mumbai, India",25-Nov-13,Platinum,Bills,F,834691
286,"Ahmedabad, India",13-Apr-15,Silver,Bills,F,240216
287,"Greater Mumbai, India",15-Apr-14,Signature,Bills,F,424370
288,"Delhi, India",13-Feb-15,Silver,Bills,F,593991
289,"Greater Mumbai, India",2-Oct-14,Signature,Bills,F,768467
290,"Delhi, India",7-Feb-15,Gold,Bills,F,781959
291,"Bengaluru, India",27-Dec-14,Platinum,Bills,F,553907
292,"Bengaluru, India",4-Aug-14,Platinum,Bills,F,308622
293,"Greater Mumbai, India",5-May-15,Signature,Bills,F,912334
294,"Delhi, India",28-Jan-15,Silver,Bills,F,586474
295,"Delhi, India",6-Apr-14,Gold,Bills,F,521237
296,"Delhi, India",30-Oct-13,Signature,Bills,F,446266
297,"Greater Mumbai, India",30-Sep-14,Platinum,Bills,F,511168
298,"Bengaluru, India",28-Dec-13,Signature,Bills,F,608438
299,"Delhi, India",18-Oct-14,Gold,Bills,F,973519
300,"Delhi, India",28-Nov-14,Platinum,Bills,F,688577
301,"Bengaluru, India",12-May-14,Silver,Bills,F,686619
302,"Greater Mumbai, India",6-Nov-14,Signature,Bills,F,255982
303,"Greater Mumbai, India",2-Mar-14,Signature,Bills,F,464656
304,"Delhi, India",19-Apr-15,Signature,Bills,F,212319
305,"Greater Mumbai, India",18-Apr-15,Platinum,Bills,F,307563
306,"Delhi, India",15-Apr-15,Silver,Bills,F,407564
307,"Bengaluru, India",12-Oct-14,Signature,Bills,F,331349
308,"Delhi, India",14-Apr-15,Silver,Bills,F,391325
309,"Ahmedabad, India",7-Oct-14,Silver,Bills,F,530244
310,"Greater Mumbai, India",16-Apr-14,Signature,Bills,F,668736
311,"Bengaluru, India",3-Dec-14,Gold,Bills,F,517448
312,"Ahmedabad, India",3-Aug-14,Platinum,Bills,F,788531
313,"Ahmedabad, India",17-Mar-14,Gold,Bills,F,474729
314,"Bengaluru, India",16-Jan-15,Platinum,Bills,F,590841
315,"Greater Mumbai, India",5-Jan-14,Platinum,Bills,F,608427
316,"Delhi, India",2-May-15,Silver,Bills,F,719835
317,"Delhi, India",30-Dec-13,Signature,Bills,F,375139
318,"Bengaluru, India",19-May-14,Platinum,Bills,F,229589
319,"Bengaluru, India",5-Jul-14,Signature,Bills,F,376453
320,"Delhi, India",10-Oct-13,Signature,Bills,F,360009
321,"Ahmedabad, India",3-Aug-14,Signature,Bills,F,770346
322,"Greater Mumbai, India",23-May-15,Signature,Bills,F,489043
323,"Bengaluru, India",11-Nov-14,Platinum,Bills,F,503037
324,"Greater Mumbai, India",11-Jan-14,Platinum,Bills,F,731261
325,"Ahmedabad, India",14-Feb-14,Signature,Bills,F,262755
326,"Greater Mumbai, India",16-Jul-14,Gold,Bills,F,825475
327,"Greater Mumbai, India",24-Feb-14,Platinum,Bills,F,922630
328,"Delhi, India",25-Sep-14,Gold,Bills,F,752172
329,"Ahmedabad, India",11-Jun-14,Gold,Bills,F,418009
330,"Delhi, India",7-Jun-14,Signature,Bills,F,994537
331,"Greater Mumbai, India",2-Aug-14,Silver,Bills,F,922206
332,"Greater Mumbai, India",21-May-14,Signature,Bills,F,389097
333,"Bengaluru, India",4-Apr-15,Signature,Bills,F,880778
334,"Greater Mumbai, India",3-Mar-15,Gold,Bills,F,327971
335,"Bengaluru, India",2-Mar-14,Signature,Bills,F,689201
336,"Bengaluru, India",17-May-15,Silver,Bills,F,792440
337,"Bengaluru, India",17-Mar-15,Signature,Bills,F,602222
338,"Ahmedabad, India",3-Sep-14,Platinum,Bills,F,502399
339,"Ahmedabad, India",17-Mar-14,Silver,Bills,F,272804
340,"Bengaluru, India",6-Jun-14,Platinum,Bills,F,613280
341,"Delhi, India",17-Oct-14,Signature,Bills,F,876491
342,"Bengaluru, India",25-Feb-14,Silver,Bills,F,820217
343,"Greater Mumbai, India",6-Sep-14,Signature,Bills,F,994184
344,"Ahmedabad, India",7-Dec-13,Platinum,Bills,F,515263
345,"Ahmedabad, India",28-Aug-14,Signature,Bills,F,338527
346,"Ahmedabad, India",16-Jun-14,Silver,Bills,F,934683
347,"Ahmedabad, India",7-Jul-14,Signature,Bills,F,454570
348,"Greater Mumbai, India",28-Jan-15,Gold,Bills,F,654519
349,"Ahmedabad, India",12-Jun-14,Gold,Bills,F,958047
350,"Bengaluru, India",3-Nov-13,Silver,Bills,F,465281
351,"Ahmedabad, India",31-Dec-13,Signature,Bills,F,653161
352,"Ahmedabad, India",14-Apr-14,Gold,Bills,F,307350
353,"Greater Mumbai, India",27-Aug-14,Silver,Bills,F,41002
354,"Bengaluru, India",3-Jan-14,Silver,Bills,F,34743
355,"Bengaluru, India",26-Sep-14,Signature,Bills,F,195589
356,"Bengaluru, India",10-Mar-14,Signature,Bills,F,204735
357,"Ahmedabad, India",14-May-14,Signature,Bills,F,118112
358,"Greater Mumbai, India",12-Dec-13,Platinum,Bills,F,61572
359,"Delhi, India",25-Feb-15,Gold,Bills,F,274938
360,"Greater Mumbai, India",21-Feb-14,Signature,Bills,F,43854
361,"Delhi, India",27-Apr-14,Gold,Bills,F,8798
362,"Greater Mumbai, India",8-May-15,Gold,Bills,F,192241
363,"Bengaluru, India",10-Apr-14,Silver,Bills,F,128164
364,"Delhi, India",28-Apr-14,Signature,Bills,F,249061
365,"Greater Mumbai, India",29-Jan-14,Gold,Bills,F,275283
366,"Greater Mumbai, India",3-Jan-14,Platinum,Bills,F,172194
367,"Ahmedabad, India",13-May-15,Gold,Bills,F,13162
368,"Bengaluru, India",5-Feb-15,Platinum,Bills,F,3427
369,"Bengaluru, India",7-Jan-15,Gold,Bills,F,171374
370,"Delhi, India",19-Feb-15,Signature,Bills,F,286251
371,"Ahmedabad, India",19-Oct-14,Platinum,Bills,F,123417
372,"Delhi, India",3-Dec-13,Silver,Bills,F,81088
373,"Ahmedabad, India",26-Oct-14,Signature,Bills,F,64113
374,"Bengaluru, India",27-Mar-14,Platinum,Bills,F,54374
375,"Ahmedabad, India",18-Mar-15,Signature,Bills,F,175515
376,"Delhi, India",25-Nov-13,Gold,Bills,F,78773
377,"Bengaluru, India",25-Jun-14,Signature,Bills,F,143515
378,"Delhi, India",22-Nov-14,Silver,Bills,F,263613
379,"Greater Mumbai, India",22-Apr-15,Platinum,Bills,F,265434
380,"Delhi, India",3-Jun-14,Signature,Bills,F,87839
381,"Delhi, India",16-Jun-14,Signature,Bills,F,60905
382,"Delhi, India",9-Apr-15,Platinum,Bills,F,199726
383,"Delhi, India",20-Jan-15,Silver,Bills,F,267896
384,"Ahmedabad, India",31-Dec-13,Gold,Bills,F,198937
385,"Greater Mumbai, India",2-Oct-14,Gold,Bills,F,90745
386,"Greater Mumbai, India",24-Jul-14,Silver,Bills,F,86676
387,"Greater Mumbai, India",8-May-15,Platinum,Bills,F,163574
388,"Greater Mumbai, India",27-Apr-15,Signature,Bills,F,2138
389,"Bengaluru, India",11-Jun-14,Silver,Bills,F,253749
390,"Delhi, India",6-Jun-14,Platinum,Bills,F,60187
391,"Bengaluru, India",3-Mar-15,Platinum,Bills,F,15566
392,"Greater Mumbai, India",11-Jul-14,Signature,Bills,F,242144
393,"Delhi, India",17-Mar-14,Platinum,Bills,F,114049
394,"Bengaluru, India",17-Mar-14,Gold,Bills,F,100992
395,"Delhi, India",3-Mar-14,Silver,Bills,F,173017
396,"Greater Mumbai, India",7-Jun-14,Gold,Bills,F,279567
397,"Delhi, India",28-Dec-13,Signature,Bills,F,25016
398,"Delhi, India",11-Nov-13,Silver,Bills,F,157982
399,"Bengaluru, India",17-May-14,Signature,Bills,F,240387
400,"Delhi, India",31-Aug-14,Platinum,Bills,F,134030
401,"Bengaluru, India",26-Jan-15,Gold,Bills,F,108651
402,"Delhi, India",17-Jan-14,Gold,Bills,F,138617
403,"Bengaluru, India",27-Jan-14,Signature,Bills,F,98963
404,"Delhi, India",24-Dec-13,Silver,Bills,F,25486
405,"Delhi, India",3-Mar-15,Gold,Bills,F,231140
406,"Ahmedabad, India",22-Oct-13,Gold,Bills,F,20032
407,"Greater Mumbai, India",14-Jan-15,Gold,Bills,F,293938
408,"Delhi, India",11-Jan-14,Silver,Bills,F,88175
409,"Ahmedabad, India",7-Feb-15,Platinum,Bills,F,105297
410,"Delhi, India",8-Oct-13,Platinum,Bills,F,129169
411,"Greater Mumbai, India",14-Aug-14,Signature,Bills,F,172386
412,"Greater Mumbai, India",9-May-15,Platinum,Bills,F,46369
413,"Greater Mumbai, India",2-Apr-14,Silver,Bills,F,158636
414,"Delhi, India",26-Nov-14,Signature,Bills,F,87219
415,"Delhi, India",16-Nov-14,Gold,Bills,F,183445
416,"Bengaluru, India",27-Jun-14,Silver,Bills,F,147977
417,"Ahmedabad, India",19-Nov-14,Platinum,Bills,F,243279
418,"Bengaluru, India",4-Apr-14,Platinum,Bills,F,243950
419,"Delhi, India",14-Apr-15,Silver,Bills,F,32548
420,"Delhi, India",9-Dec-13,Platinum,Bills,F,118126
421,"Greater Mumbai, India",30-Nov-13,Platinum,Bills,F,13325
422,"Greater Mumbai, India",16-Feb-14,Gold,Bills,F,295055
423,"Greater Mumbai, India",12-Jan-15,Platinum,Bills,F,64764
424,"Bengaluru, India",3-Feb-14,Platinum,Bills,F,174520
425,"Delhi, India",5-Nov-13,Signature,Bills,F,72763
426,"Greater Mumbai, India",27-Sep-14,Signature,Bills,F,269809
427,"Delhi, India",29-Jun-14,Silver,Bills,F,81145
428,"Ahmedabad, India",13-Jul-14,Silver,Bills,F,25948
429,"Greater Mumbai, India",23-Jan-15,Silver,Bills,F,120188
430,"Greater Mumbai, India",5-Dec-14,Signature,Bills,F,8259
431,"Delhi, India",15-Apr-14,Signature,Bills,F,285830
432,"Bengaluru, India",27-Apr-15,Gold,Bills,F,67039
433,"Ahmedabad, India",25-Jul-14,Gold,Bills,F,14370
434,"Ahmedabad, India",10-Oct-14,Platinum,Bills,F,54304
435,"Greater Mumbai, India",18-Oct-13,Gold,Bills,F,188856
436,"Ahmedabad, India",18-Jan-14,Gold,Bills,F,44635
437,"Greater Mumbai, India",22-Nov-13,Platinum,Bills,F,227273
438,"Delhi, India",26-Mar-14,Gold,Bills,F,234200
439,"Delhi, India",12-Dec-14,Signature,Bills,F,79053
440,"Greater Mumbai, India",1-Mar-15,Silver,Bills,F,49711
441,"Greater Mumbai, India",29-Oct-14,Signature,Bills,F,203463
442,"Bengaluru, India",29-Jul-14,Signature,Bills,F,196985
443,"Greater Mumbai, India",18-Apr-15,Gold,Bills,F,246457
444,"Delhi, India",5-Nov-13,Platinum,Bills,F,88344
445,"Bengaluru, India",27-Aug-14,Signature,Bills,F,167457
446,"Bengaluru, India",4-Mar-14,Gold,Bills,F,254598
447,"Delhi, India",27-Jan-14,Platinum,Bills,F,102486
448,"Greater Mumbai, India",18-Jan-14,Silver,Bills,F,159428
449,"Bengaluru, India",28-Jan-14,Platinum,Bills,F,296987
450,"Ahmedabad, India",6-Feb-15,Signature,Bills,F,89418
451,"Delhi, India",26-Feb-15,Signature,Bills,F,77247
452,"Bengaluru, India",24-Jan-14,Gold,Bills,F,66542
453,"Greater Mumbai, India",27-Nov-14,Silver,Bills,F,194526
454,"Bengaluru, India",16-Jul-14,Signature,Bills,F,178119
455,"Bengaluru, India",16-May-14,Gold,Bills,F,258653
456,"Delhi, India",2-Nov-14,Silver,Bills,F,97425
457,"Delhi, India",23-May-14,Gold,Bills,F,223185
458,"Greater Mumbai, India",28-Jan-15,Gold,Bills,F,224750
459,"Ahmedabad, India",17-Jan-14,Signature,Bills,F,103363
460,"Greater Mumbai, India",27-Nov-14,Platinum,Bills,F,49090
461,"Bengaluru, India",20-Nov-14,Platinum,Bills,F,140584
462,"Delhi, India",26-Jun-14,Platinum,Bills,F,61272
463,"Delhi, India",2-Jan-14,Silver,Bills,F,25200
464,"Greater Mumbai, India",9-Dec-13,Signature,Bills,F,249893
465,"Bengaluru, India",25-May-14,Gold,Bills,F,91325
466,"Greater Mumbai, India",14-Apr-14,Silver,Bills,F,81641
467,"Greater Mumbai, India",14-Apr-15,Platinum,Bills,F,267700
468,"Greater Mumbai, India",20-Nov-14,Silver,Food,F,193429
469,"Ahmedabad, India",22-Apr-14,Gold,Food,F,97674
470,"Bengaluru, India",8-Mar-14,Silver,Food,F,222579
471,"Bengaluru, India",19-Mar-15,Platinum,Food,F,194846
472,"Greater Mumbai, India",22-Feb-15,Signature,Food,F,62690
473,"Greater Mumbai, India",8-Feb-15,Signature,Food,F,225614
474,"Ahmedabad, India",20-Oct-13,Signature,Food,F,13879
475,"Ahmedabad, India",4-Feb-15,Gold,Food,F,279579
476,"Bengaluru, India",10-Sep-14,Gold,Food,F,253183
477,"Bengaluru, India",10-May-14,Signature,Food,F,183197
478,"Bengaluru, India",27-Aug-14,Gold,Food,F,260046
479,"Bengaluru, India",21-Jul-14,Gold,Food,F,95981
480,"Bengaluru, India",2-Mar-14,Gold,Food,F,157399
481,"Delhi, India",20-Feb-14,Signature,Food,F,140041
482,"Ahmedabad, India",5-Jan-14,Platinum,Food,F,288339
483,"Ahmedabad, India",2-Jan-14,Platinum,Food,F,49494
484,"Bengaluru, India",16-Apr-15,Platinum,Food,F,43954
485,"Bengaluru, India",30-Nov-13,Platinum,Food,F,35543
486,"Greater Mumbai, India",5-Jan-14,Signature,Food,F,12982
487,"Delhi, India",2-Apr-14,Platinum,Food,F,213140
488,"Greater Mumbai, India",22-Oct-13,Platinum,Food,F,95741
489,"Bengaluru, India",7-Dec-13,Platinum,Food,F,129144
490,"Ahmedabad, India",4-Mar-14,Gold,Food,F,115551
491,"Bengaluru, India",26-Apr-14,Gold,Food,F,57961
492,"Ahmedabad, India",4-Jan-15,Silver,Food,F,209527
493,"Ahmedabad, India",8-Jul-14,Gold,Food,F,15892
494,"Bengaluru, India",1-Dec-13,Signature,Food,F,155659
495,"Greater Mumbai, India",17-Jun-14,Silver,Food,F,246215
496,"Greater Mumbai, India",15-Oct-14,Signature,Food,F,149465
497,"Ahmedabad, India",22-Aug-14,Gold,Food,F,259694
498,"Delhi, India",23-Feb-14,Silver,Food,F,70009
499,"Greater Mumbai, India",5-Jan-15,Gold,Food,F,233391
500,"Ahmedabad, India",4-Aug-14,Silver,Food,F,35002
501,"Ahmedabad, India",18-Apr-15,Silver,Food,F,156519
502,"Bengaluru, India",22-Apr-14,Gold,Food,F,286786
503,"Bengaluru, India",18-Sep-14,Signature,Food,F,173244
504,"Bengaluru, India",31-Dec-14,Platinum,Food,F,195804
505,"Ahmedabad, India",9-Feb-15,Platinum,Food,F,162827
506,"Bengaluru, India",26-Jan-15,Signature,Food,F,20036
507,"Bengaluru, India",17-Jul-14,Signature,Food,F,266125
508,"Greater Mumbai, India",10-Mar-14,Signature,Food,F,156531
509,"Ahmedabad, India",20-Oct-14,Signature,Food,F,288673
510,"Ahmedabad, India",13-Oct-14,Signature,Food,F,67474
511,"Delhi, India",28-Sep-14,Platinum,Food,F,220674
512,"Greater Mumbai, India",24-Apr-14,Gold,Food,F,282988
513,"Bengaluru, India",24-Aug-14,Signature,Food,F,206308
514,"Bengaluru, India",27-Nov-14,Platinum,Food,F,243074
515,"Ahmedabad, India",4-Apr-15,Signature,Food,F,247181
516,"Greater Mumbai, India",8-Aug-14,Signature,Food,F,111842
517,"Delhi, India",23-Mar-15,Gold,Food,F,277079
518,"Delhi, India",28-Jan-15,Silver,Food,F,218638
519,"Ahmedabad, India",14-Nov-14,Gold,Food,F,152216
520,"Delhi, India",14-Apr-15,Signature,Food,F,42620
521,"Ahmedabad, India",12-Jan-14,Gold,Food,F,101639
522,"Greater Mumbai, India",2-Mar-14,Silver,Food,F,102966
523,"Bengaluru, India",10-Mar-15,Platinum,Food,F,127650
524,"Greater Mumbai, India",24-Jun-14,Platinum,Food,F,277737
525,"Bengaluru, India",19-Mar-15,Signature,Food,F,251805
526,"Ahmedabad, India",19-Feb-14,Signature,Food,F,288284
527,"Bengaluru, India",22-Oct-13,Gold,Food,F,125290
528,"Bengaluru, India",20-Aug-14,Silver,Food,F,166602
529,"Ahmedabad, India",14-Apr-14,Silver,Food,F,219097
530,"Bengaluru, India",26-Mar-15,Gold,Food,F,34082
531,"Bengaluru, India",8-May-14,Silver,Food,F,20573
532,"Bengaluru, India",28-Oct-13,Platinum,Food,F,245056
533,"Ahmedabad, India",20-Dec-13,Signature,Food,F,131847
534,"Delhi, India",16-Jan-15,Platinum,Food,F,276873
535,"Bengaluru, India",6-May-14,Silver,Food,F,138342
536,"Ahmedabad, India",9-Jan-15,Signature,Food,F,137292
537,"Ahmedabad, India",4-Mar-14,Signature,Food,F,147750
538,"Bengaluru, India",18-Oct-13,Signature,Food,F,2397
539,"Bengaluru, India",16-Jul-14,Gold,Food,F,31051
540,"Delhi, India",1-Oct-14,Signature,Food,F,55137
541,"Greater Mumbai, India",8-Nov-13,Gold,Food,F,136040
542,"Ahmedabad, India",8-Dec-14,Platinum,Food,F,181721
543,"Delhi, India",12-Mar-14,Signature,Food,F,81753
544,"Ahmedabad, India",28-Nov-14,Platinum,Food,F,266386
545,"Ahmedabad, India",3-May-15,Silver,Food,F,259008
546,"Greater Mumbai, India",10-Mar-15,Silver,Food,F,250995
547,"Delhi, India",6-Oct-14,Signature,Food,F,232155
548,"Greater Mumbai, India",13-Feb-14,Silver,Food,F,48012
549,"Delhi, India",1-Jan-15,Signature,Food,F,296543
550,"Greater Mumbai, India",25-Dec-14,Signature,Food,F,246893
551,"Ahmedabad, India",19-Mar-15,Platinum,Food,F,95807
552,"Ahmedabad, India",22-Aug-14,Platinum,Food,F,165278
553,"Ahmedabad, India",15-Aug-14,Silver,Food,F,191618
554,"Greater Mumbai, India",26-Apr-15,Silver,Food,F,159718
555,"Ahmedabad, India",28-Nov-14,Gold,Food,F,213552
556,"Greater Mumbai, India",3-May-15,Gold,Food,F,249061
557,"Delhi, India",24-Feb-14,Silver,Food,F,279377
558,"Delhi, India",19-Dec-14,Silver,Food,F,233694
559,"Bengaluru, India",21-Jun-14,Silver,Food,F,102362
560,"Bengaluru, India",10-Sep-14,Silver,Food,F,108296
561,"Bengaluru, India",13-Apr-15,Gold,Food,F,258275
562,"Bengaluru, India",21-Oct-14,Silver,Food,F,194260
563,"Bengaluru, India",12-Apr-15,Gold,Food,F,167903
564,"Ahmedabad, India",29-Jan-15,Silver,Food,F,128266
565,"Bengaluru, India",19-Jan-15,Signature,Food,F,268543
566,"Ahmedabad, India",17-Mar-14,Signature,Food,F,30653
567,"Greater Mumbai, India",1-Jan-15,Signature,Food,F,189981
568,"Delhi, India",28-Apr-15,Gold,Food,F,230325
569,"Greater Mumbai, India",13-Mar-15,Signature,Food,F,176871
570,"Greater Mumbai, India",9-Dec-14,Platinum,Food,F,171241
571,"Greater Mumbai, India",7-Mar-14,Silver,Food,F,91846
572,"Delhi, India",13-Nov-13,Silver,Food,F,162813
573,"Delhi, India",4-Nov-14,Silver,Food,F,28569
574,"Bengaluru, India",16-Nov-14,Silver,Food,F,231827
575,"Delhi, India",4-Mar-15,Silver,Food,F,281283
576,"Bengaluru, India",15-Oct-13,Silver,Food,F,291358
577,"Delhi, India",27-Jul-14,Signature,Food,F,288888
578,"Delhi, India",22-Nov-14,Gold,Food,F,283575
579,"Greater Mumbai, India",24-Jul-14,Silver,Food,F,132827
580,"Delhi, India",31-Aug-14,Silver,Food,F,200721
581,"Ahmedabad, India",12-Jan-14,Signature,Food,F,190220
582,"Ahmedabad, India",5-Feb-15,Signature,Food,F,265508
583,"Greater Mumbai, India",10-Dec-13,Platinum,Food,F,298838
584,"Greater Mumbai, India",12-Jan-14,Silver,Food,F,203106
585,"Ahmedabad, India",19-Oct-14,Platinum,Food,F,196647
586,"Delhi, India",5-Jan-15,Gold,Food,F,136602
587,"Greater Mumbai, India",24-Feb-14,Gold,Food,F,236980
588,"Greater Mumbai, India",23-Mar-14,Signature,Food,F,59121
589,"Bengaluru, India",7-Jan-14,Silver,Food,F,193944
590,"Greater Mumbai, India",13-Aug-14,Platinum,Food,F,109857
591,"Bengaluru, India",30-Oct-13,Signature,Food,F,57768
592,"Ahmedabad, India",2-Aug-14,Gold,Food,F,207196
593,"Ahmedabad, India",26-Aug-14,Platinum,Food,F,8056
594,"Ahmedabad, India",5-Jan-15,Platinum,Food,F,178478
595,"Bengaluru, India",2-Aug-14,Platinum,Food,F,246046
596,"Ahmedabad, India",29-Apr-14,Platinum,Food,F,192382
597,"Greater Mumbai, India",25-Oct-14,Gold,Food,F,19158
598,"Greater Mumbai, India",15-Dec-14,Platinum,Food,F,9552
599,"Delhi, India",15-Mar-15,Platinum,Food,F,276862
600,"Bengaluru, India",9-Nov-14,Silver,Food,F,147958
601,"Greater Mumbai, India",20-Sep-14,Gold,Food,F,151436
602,"Ahmedabad, India",26-Nov-14,Signature,Food,F,271595
603,"Bengaluru, India",27-Dec-14,Platinum,Food,F,8115
604,"Greater Mumbai, India",27-Jul-14,Silver,Food,F,73172
605,"Delhi, India",3-Sep-14,Signature,Food,F,196816
606,"Ahmedabad, India",16-Feb-14,Signature,Food,F,162829
607,"Bengaluru, India",17-Oct-13,Signature,Food,F,252669
608,"Ahmedabad, India",7-Feb-14,Gold,Food,F,54746
609,"Bengaluru, India",11-Nov-13,Platinum,Food,F,108079
610,"Ahmedabad, India",11-Mar-15,Platinum,Food,F,240804
611,"Ahmedabad, India",7-Mar-15,Silver,Food,F,11289
612,"Bengaluru, India",22-Nov-14,Silver,Food,F,127020
613,"Greater Mumbai, India",4-Apr-14,Signature,Food,F,114777
614,"Delhi, India",17-Jan-15,Platinum,Food,F,88003
615,"Delhi, India",23-Dec-14,Silver,Food,F,153154
616,"Bengaluru, India",16-Oct-14,Gold,Food,F,114863
617,"Bengaluru, India",18-Jul-14,Gold,Food,F,126912
618,"Bengaluru, India",4-Dec-13,Platinum,Food,F,12621
619,"Bengaluru, India",1-Sep-14,Silver,Food,F,248699
620,"Ahmedabad, India",12-Apr-15,Gold,Food,F,232388
621,"Delhi, India",9-Nov-13,Silver,Food,F,168039
622,"Delhi, India",4-Oct-13,Silver,Food,F,122944
623,"Bengaluru, India",19-May-14,Platinum,Food,F,171746
624,"Greater Mumbai, India",11-Aug-14,Platinum,Food,F,168495
625,"Ahmedabad, India",20-Sep-14,Signature,Food,F,252614
626,"Greater Mumbai, India",28-Apr-15,Platinum,Food,F,233161
627,"Greater Mumbai, India",17-Nov-13,Gold,Food,F,85459
628,"Ahmedabad, India",11-Mar-14,Signature,Food,F,156075
629,"Greater Mumbai, India",16-Jul-14,Signature,Food,F,161329
630,"Greater Mumbai, India",14-Jan-14,Gold,Food,F,183105
631,"Delhi, India",1-Nov-14,Signature,Food,F,252691
632,"Delhi, India",4-Apr-15,Gold,Food,F,221345
633,"Ahmedabad, India",4-Jun-14,Platinum,Food,F,131014
634,"Ahmedabad, India",28-Dec-13,Gold,Food,F,21571
635,"Greater Mumbai, India",16-Oct-13,Silver,Food,F,152307
636,"Greater Mumbai, India",11-Mar-15,Platinum,Food,F,193060
637,"Bengaluru, India",8-Jan-15,Silver,Food,F,133084
638,"Ahmedabad, India",8-May-14,Gold,Food,F,194361
639,"Ahmedabad, India",5-Sep-14,Silver,Food,F,286369
640,"Greater Mumbai, India",5-Dec-13,Silver,Food,F,294814
641,"Bengaluru, India",1-Oct-14,Gold,Food,F,276647
642,"Greater Mumbai, India",20-Dec-13,Signature,Food,F,269712
643,"Bengaluru, India",30-Dec-13,Silver,Food,F,167306
644,"Greater Mumbai, India",19-Nov-14,Silver,Food,F,102247
645,"Bengaluru, India",15-Oct-14,Platinum,Food,F,169677
646,"Greater Mumbai, India",9-Jul-14,Signature,Food,F,253586
647,"Delhi, India",27-Apr-14,Gold,Food,F,285567
648,"Ahmedabad, India",13-Oct-13,Signature,Food,F,155529
649,"Delhi, India",17-Nov-14,Platinum,Food,F,214039
650,"Greater Mumbai, India",4-Jan-15,Signature,Food,F,25392
651,"Ahmedabad, India",9-Mar-15,Platinum,Food,F,157972
652,"Greater Mumbai, India",15-Jun-14,Silver,Food,F,200754
653,"Delhi, India",22-Feb-14,Silver,Food,F,24981
654,"Delhi, India",10-Jun-14,Silver,Food,F,223418
655,"Bengaluru, India",6-Aug-14,Signature,Food,F,23309
656,"Bengaluru, India",4-Mar-14,Signature,Food,F,85771
657,"Delhi, India",30-Jan-15,Silver,Food,F,189297
658,"Greater Mumbai, India",15-Mar-14,Gold,Food,F,125003
659,"Ahmedabad, India",20-Feb-15,Silver,Food,F,226929
660,"Greater Mumbai, India",13-Feb-15,Silver,Food,F,176275
661,"Bengaluru, India",6-Feb-15,Platinum,Food,F,253338
662,"Ahmedabad, India",13-Jul-14,Signature,Food,F,213508
663,"Delhi, India",4-Jan-14,Platinum,Food,F,147766
664,"Bengaluru, India",25-Jul-14,Signature,Food,F,275085
665,"Ahmedabad, India",10-Nov-14,Platinum,Food,F,40010
666,"Ahmedabad, India",22-Nov-14,Signature,Food,F,66775
667,"Ahmedabad, India",25-Nov-14,Platinum,Food,F,292554
668,"Delhi, India",1-Nov-14,Platinum,Food,F,263104
669,"Delhi, India",29-Nov-14,Platinum,Food,F,154806
670,"Bengaluru, India",29-Jan-15,Gold,Food,F,129650
671,"Ahmedabad, India",16-Jan-15,Signature,Food,F,249446
672,"Bengaluru, India",9-Aug-14,Signature,Food,F,135794
673,"Ahmedabad, India",31-Aug-14,Platinum,Food,F,16468
674,"Greater Mumbai, India",17-Jan-14,Gold,Food,F,185621
675,"Delhi, India",17-Sep-14,Platinum,Food,F,279320
676,"Greater Mumbai, India",29-Dec-13,Platinum,Food,F,271787
677,"Ahmedabad, India",29-Oct-13,Silver,Food,F,64241
678,"Bengaluru, India",31-Mar-14,Platinum,Food,F,297737
679,"Bengaluru, India",29-Jun-14,Gold,Food,F,192039
680,"Delhi, India",12-Apr-15,Gold,Food,F,39866
681,"Bengaluru, India",22-Aug-14,Gold,Food,F,112782
682,"Delhi, India",17-Oct-13,Gold,Food,F,113433
683,"Greater Mumbai, India",16-May-15,Gold,Food,F,95081
684,"Bengaluru, India",13-Nov-13,Signature,Food,F,148769
685,"Ahmedabad, India",30-Dec-13,Gold,Food,F,161873
686,"Bengaluru, India",23-Feb-15,Gold,Food,F,225071
687,"Delhi, India",9-Mar-15,Gold,Food,F,260239
688,"Greater Mumbai, India",30-Mar-15,Gold,Food,F,161682
689,"Greater Mumbai, India",7-Nov-14,Signature,Food,F,59926
690,"Bengaluru, India",2-May-14,Platinum,Food,F,22964
691,"Greater Mumbai, India",14-Oct-13,Platinum,Food,F,48570
692,"Bengaluru, India",17-Oct-14,Silver,Food,F,52970
693,"Bengaluru, India",20-Feb-15,Platinum,Food,F,13160
694,"Ahmedabad, India",6-May-14,Gold,Food,F,295163
695,"Bengaluru, India",27-Apr-15,Silver,Food,F,158649
696,"Delhi, India",22-Oct-13,Platinum,Food,F,120780
697,"Bengaluru, India",6-Mar-15,Signature,Food,F,72366
698,"Greater Mumbai, India",24-Jan-15,Silver,Food,F,281805
699,"Bengaluru, India",1-Jun-14,Platinum,Food,F,197325
700,"Bengaluru, India",31-Dec-14,Platinum,Food,F,167243
701,"Delhi, India",30-Sep-14,Signature,Food,F,34451
702,"Ahmedabad, India",20-Sep-14,Gold,Food,F,30120
703,"Delhi, India",19-Nov-13,Silver,Food,F,189018
704,"Bengaluru, India",2-Nov-14,Silver,Food,F,237971
705,"Bengaluru, India",19-Apr-15,Gold,Food,F,71741
706,"Ahmedabad, India",30-Dec-13,Signature,Food,F,231370
707,"Greater Mumbai, India",1-May-15,Gold,Food,F,166896
708,"Delhi, India",9-Jul-14,Signature,Food,F,116086
709,"Delhi, India",25-Mar-14,Signature,Food,F,35506
710,"Ahmedabad, India",6-Feb-14,Signature,Food,F,247122
711,"Bengaluru, India",19-Oct-14,Platinum,Food,F,230876
712,"Bengaluru, India",4-Apr-15,Signature,Food,F,20358
713,"Delhi, India",24-May-15,Platinum,Food,F,162487
714,"Bengaluru, India",15-Apr-14,Signature,Food,F,245076
715,"Greater Mumbai, India",13-Aug-14,Silver,Food,F,217488
716,"Ahmedabad, India",9-Aug-14,Gold,Food,F,23818
717,"Bengaluru, India",7-Mar-15,Platinum,Food,F,298295
718,"Delhi, India",26-Mar-14,Signature,Food,F,264509
719,"Delhi, India",22-May-15,Platinum,Food,F,127526
720,"Greater Mumbai, India",26-Dec-13,Platinum,Food,F,158856
721,"Ahmedabad, India",1-Sep-14,Silver,Food,F,233893
722,"Delhi, India",14-Mar-14,Gold,Food,F,61388
723,"Delhi, India",30-Jan-14,Signature,Food,F,149081
724,"Ahmedabad, India",5-Apr-15,Gold,Food,F,103225
725,"Ahmedabad, India",10-Jan-15,Gold,Food,F,254211
726,"Delhi, India",20-Aug-14,Silver,Food,F,64034
727,"Bengaluru, India",4-Jun-14,Signature,Food,F,27479
728,"Greater Mumbai, India",15-Mar-14,Platinum,Food,F,175112
729,"Greater Mumbai, India",13-Jan-14,Platinum,Food,F,9001
730,"Bengaluru, India",3-Mar-14,Platinum,Food,F,115150
731,"Bengaluru, India",28-Mar-14,Gold,Food,F,15615
732,"Greater Mumbai, India",16-Jan-14,Gold,Food,F,56905
733,"Ahmedabad, India",7-Nov-14,Signature,Food,F,83916
734,"Delhi, India",6-May-15,Signature,Food,F,123754
735,"Greater Mumbai, India",16-Nov-14,Platinum,Food,F,81289
736,"Delhi, India",9-Apr-15,Gold,Food,F,70494
737,"Ahmedabad, India",23-Aug-14,Gold,Food,F,268849
738,"Delhi, India",23-Aug-14,Gold,Food,F,154645
739,"Ahmedabad, India",4-Apr-14,Gold,Food,F,187546
740,"Ahmedabad, India",1-Jan-15,Silver,Food,F,209232
741,"Bengaluru, India",12-Mar-14,Platinum,Food,F,9999
742,"Delhi, India",19-Feb-15,Platinum,Food,F,106503
743,"Ahmedabad, India",5-Feb-15,Platinum,Food,F,183105
744,"Bengaluru, India",28-Dec-13,Platinum,Food,F,14531
745,"Ahmedabad, India",1-Jan-15,Signature,Food,F,75187
746,"Delhi, India",10-May-15,Platinum,Food,F,241709
747,"Bengaluru, India",6-Oct-13,Gold,Food,F,41266
748,"Ahmedabad, India",13-Jan-15,Signature,Food,F,151734
749,"Delhi, India",23-Jul-14,Silver,Food,F,49249
750,"Ahmedabad, India",13-May-15,Silver,Food,F,7448
751,"Bengaluru, India",19-Mar-14,Silver,Food,F,38146
752,"Greater Mumbai, India",16-Sep-14,Silver,Food,F,130542
753,"Delhi, India",2-Sep-14,Silver,Food,F,267807
754,"Bengaluru, India",1-Aug-14,Silver,Food,F,205047
755,"Ahmedabad, India",23-Feb-14,Silver,Food,F,173596
756,"Greater Mumbai, India",1-Feb-15,Silver,Food,F,222368
757,"Bengaluru, India",29-Apr-15,Silver,Food,F,283399
758,"Bengaluru, India",10-Jan-15,Silver,Bills,F,291839
759,"Delhi, India",6-Apr-15,Silver,Food,F,222487
760,"Ahmedabad, India",11-Dec-13,Silver,Entertainment,F,236449
761,"Greater Mumbai, India",15-Oct-13,Silver,Food,F,152705
762,"Ahmedabad, India",26-Feb-14,Silver,Grocery,F,36575
763,"Bengaluru, India",6-May-14,Silver,Fuel,F,194493
764,"Delhi, India",3-Nov-14,Silver,Food,F,58116
765,"Delhi, India",12-Apr-15,Silver,Entertainment,F,179481
766,"Greater Mumbai, India",22-Feb-15,Silver,Food,F,205735
767,"Greater Mumbai, India",27-Dec-14,Silver,Fuel,F,249400
768,"Delhi, India",25-May-14,Silver,Grocery,F,213000
769,"Ahmedabad, India",28-Oct-13,Silver,Food,F,174245
770,"Delhi, India",1-Sep-14,Silver,Food,F,191860
771,"Delhi, India",17-Mar-14,Silver,Food,F,156171
772,"Greater Mumbai, India",8-Dec-13,Silver,Grocery,F,183633
773,"Bengaluru, India",3-May-14,Silver,Food,F,282970
774,"Greater Mumbai, India",29-Nov-13,Silver,Food,F,67213
775,"Greater Mumbai, India",27-Dec-13,Silver,Entertainment,F,299122
776,"Bengaluru, India",22-Oct-14,Silver,Entertainment,F,132237
777,"Ahmedabad, India",26-Apr-15,Silver,Entertainment,F,64149
778,"Bengaluru, India",24-May-15,Silver,Bills,F,106831
779,"Bengaluru, India",9-Jan-15,Silver,Bills,F,147225
780,"Bengaluru, India",15-Oct-14,Silver,Grocery,F,53822
781,"Ahmedabad, India",10-Oct-13,Silver,Food,F,74794
782,"Ahmedabad, India",12-Dec-13,Silver,Food,F,29985
783,"Greater Mumbai, India",18-Dec-14,Silver,Fuel,F,239856
784,"Greater Mumbai, India",2-Nov-14,Silver,Bills,F,168234
785,"Greater Mumbai, India",14-Apr-14,Silver,Fuel,F,10476
786,"Greater Mumbai, India",30-Nov-14,Silver,Bills,F,210425
787,"Ahmedabad, India",2-Nov-13,Silver,Grocery,F,171803
788,"Delhi, India",15-Jun-14,Silver,Fuel,F,31365
789,"Ahmedabad, India",4-Dec-14,Silver,Entertainment,F,231629
790,"Greater Mumbai, India",13-Dec-13,Silver,Bills,F,79856
791,"Ahmedabad, India",24-Oct-14,Silver,Food,F,129599
792,"Delhi, India",5-May-15,Silver,Grocery,F,177579
793,"Greater Mumbai, India",1-May-14,Silver,Grocery,F,230362
794,"Ahmedabad, India",11-Mar-15,Silver,Grocery,F,285777
795,"Bengaluru, India",3-Jul-14,Silver,Entertainment,F,213640
796,"Bengaluru, India",7-Dec-14,Silver,Bills,F,214511
797,"Ahmedabad, India",17-Sep-14,Silver,Fuel,F,36849
798,"Delhi, India",4-Apr-15,Silver,Grocery,F,160601
799,"Greater Mumbai, India",16-Oct-14,Silver,Fuel,F,273374
800,"Bengaluru, India",21-Jul-14,Silver,Food,F,49592
801,"Ahmedabad, India",16-Oct-14,Silver,Entertainment,F,287849
802,"Ahmedabad, India",10-Apr-14,Silver,Grocery,F,290413
803,"Ahmedabad, India",11-Mar-15,Silver,Grocery,F,253375
804,"Bengaluru, India",3-Aug-14,Silver,Fuel,F,251295
805,"Bengaluru, India",22-Apr-15,Silver,Food,F,236861
806,"Delhi, India",29-Nov-14,Silver,Bills,F,299032
807,"Delhi, India",18-May-15,Silver,Bills,F,139246
808,"Bengaluru, India",5-Nov-13,Silver,Bills,F,139130
809,"Greater Mumbai, India",4-Oct-13,Silver,Entertainment,F,116700
810,"Ahmedabad, India",4-Jul-14,Silver,Fuel,F,211228
811,"Delhi, India",9-Oct-14,Silver,Bills,F,146817
812,"Delhi, India",19-Jul-14,Silver,Grocery,F,274970
813,"Bengaluru, India",25-Apr-14,Silver,Entertainment,F,37144
814,"Delhi, India",17-Jul-14,Silver,Grocery,F,46381
815,"Bengaluru, India",13-Jul-14,Silver,Bills,F,251886
816,"Bengaluru, India",7-Feb-15,Silver,Fuel,F,2686
817,"Bengaluru, India",6-May-14,Silver,Grocery,F,82474
818,"Ahmedabad, India",21-Nov-13,Silver,Fuel,F,159903
819,"Delhi, India",9-Mar-14,Silver,Entertainment,F,275547
820,"Delhi, India",8-Jul-14,Silver,Entertainment,F,52513
821,"Greater Mumbai, India",13-Dec-13,Silver,Food,F,52484
822,"Delhi, India",10-May-14,Silver,Food,F,5397
823,"Greater Mumbai, India",9-Nov-14,Silver,Bills,F,88117
824,"Bengaluru, India",29-Jan-14,Silver,Food,F,56078
825,"Greater Mumbai, India",21-Nov-13,Silver,Bills,F,205643
826,"Delhi, India",25-Jun-14,Silver,Fuel,F,47074
827,"Bengaluru, India",15-Jul-14,Silver,Grocery,F,34594
828,"Greater Mumbai, India",25-Dec-13,Silver,Bills,F,31000
829,"Delhi, India",17-May-14,Silver,Bills,F,138376
830,"Bengaluru, India",29-Nov-14,Silver,Fuel,F,254875
831,"Ahmedabad, India",4-Oct-13,Silver,Entertainment,F,240666
832,"Delhi, India",19-Nov-13,Silver,Fuel,F,32871
833,"Ahmedabad, India",6-Mar-14,Silver,Fuel,F,270101
834,"Bengaluru, India",12-Mar-15,Silver,Entertainment,F,95715
835,"Greater Mumbai, India",12-Feb-15,Silver,Food,F,260724
836,"Bengaluru, India",21-Nov-14,Silver,Bills,F,271600
837,"Ahmedabad, India",26-Mar-14,Silver,Food,F,20006
838,"Ahmedabad, India",5-Jul-14,Silver,Entertainment,F,171670
839,"Delhi, India",4-Jan-15,Silver,Fuel,F,71727
840,"Ahmedabad, India",6-Feb-15,Silver,Entertainment,F,57494
841,"Bengaluru, India",24-Dec-14,Silver,Food,F,168546
842,"Greater Mumbai, India",12-Jun-14,Silver,Bills,F,30080
843,"Ahmedabad, India",14-Jan-14,Silver,Fuel,F,174697
844,"Bengaluru, India",18-Dec-13,Silver,Food,F,180193
845,"Bengaluru, India",6-Nov-14,Silver,Grocery,F,292047
846,"Bengaluru, India",23-May-15,Silver,Food,F,233112
847,"Ahmedabad, India",22-Feb-15,Silver,Grocery,F,226198
848,"Ahmedabad, India",11-Apr-14,Silver,Bills,F,73112
849,"Bengaluru, India",23-Jun-14,Silver,Entertainment,F,35232
850,"Delhi, India",30-Jun-14,Silver,Entertainment,F,55074
851,"Bengaluru, India",31-Dec-14,Silver,Food,F,186680
852,"Bengaluru, India",20-Jan-15,Silver,Food,F,191642
853,"Greater Mumbai, India",30-Oct-13,Silver,Food,F,238752
854,"Ahmedabad, India",11-Oct-13,Silver,Bills,F,131578
855,"Bengaluru, India",17-Dec-14,Silver,Grocery,F,227118
856,"Greater Mumbai, India",7-Oct-14,Silver,Grocery,F,16479
857,"Ahmedabad, India",7-Oct-14,Silver,Entertainment,F,253764
858,"Bengaluru, India",17-Oct-14,Silver,Entertainment,F,274164
859,"Delhi, India",13-Jan-14,Silver,Bills,F,67192
860,"Greater Mumbai, India",14-Dec-14,Silver,Fuel,F,294525
861,"Delhi, India",29-Dec-13,Silver,Food,F,13681
862,"Delhi, India",1-Nov-14,Silver,Bills,F,27075
863,"Delhi, India",30-Oct-13,Silver,Entertainment,F,252226
864,"Greater Mumbai, India",21-Apr-15,Silver,Grocery,F,62418
865,"Delhi, India",11-Mar-15,Silver,Food,F,256766
866,"Greater Mumbai, India",24-Oct-14,Silver,Entertainment,F,85271
867,"Delhi, India",9-Oct-13,Silver,Fuel,F,39439
868,"Delhi, India",22-Mar-14,Silver,Food,F,284449
869,"Bengaluru, India",12-Nov-14,Silver,Food,F,42900
870,"Bengaluru, India",18-Sep-14,Silver,Fuel,F,235352
871,"Bengaluru, India",6-Nov-13,Silver,Bills,F,55248
872,"Bengaluru, India",20-Feb-14,Silver,Grocery,F,168702
873,"Greater Mumbai, India",2-Nov-14,Silver,Bills,F,189022
874,"Ahmedabad, India",22-Jan-14,Silver,Bills,F,286226
875,"Greater Mumbai, India",30-Dec-13,Silver,Grocery,F,292143
876,"Greater Mumbai, India",18-Jan-15,Silver,Bills,F,136134
877,"Ahmedabad, India",24-Jun-14,Silver,Food,F,105723
878,"Bengaluru, India",10-May-14,Silver,Entertainment,F,264985
879,"Greater Mumbai, India",11-Sep-14,Silver,Bills,F,261257
880,"Ahmedabad, India",27-May-14,Silver,Entertainment,F,39126
881,"Bengaluru, India",19-Mar-15,Silver,Bills,F,278199
882,"Greater Mumbai, India",2-Sep-14,Silver,Grocery,F,96925
883,"Greater Mumbai, India",26-Jun-14,Silver,Bills,F,242270
884,"Delhi, India",23-Jan-14,Silver,Food,F,1400
885,"Delhi, India",2-Jul-14,Silver,Entertainment,F,75806
886,"Delhi, India",16-Jan-15,Silver,Entertainment,F,15162
887,"Delhi, India",6-Apr-15,Silver,Entertainment,F,8452
888,"Delhi, India",25-Nov-14,Silver,Fuel,F,178922
889,"Greater Mumbai, India",6-Oct-13,Silver,Fuel,F,66083
890,"Bengaluru, India",31-Oct-14,Silver,Fuel,F,26449
891,"Ahmedabad, India",20-Mar-14,Silver,Grocery,F,187484
892,"Delhi, India",18-Dec-13,Silver,Grocery,F,262261
893,"Bengaluru, India",3-Jun-14,Silver,Grocery,F,58978
894,"Bengaluru, India",23-Feb-15,Silver,Fuel,F,173079
895,"Delhi, India",20-Mar-14,Silver,Bills,F,66615
896,"Delhi, India",6-Jun-14,Silver,Bills,F,126746
897,"Delhi, India",25-Jan-15,Silver,Food,F,264442
898,"Bengaluru, India",6-Dec-13,Silver,Food,F,77708
899,"Ahmedabad, India",6-Nov-13,Silver,Fuel,F,176835
900,"Greater Mumbai, India",22-Nov-14,Silver,Entertainment,F,79441
901,"Bengaluru, India",6-Nov-13,Silver,Food,F,7625
902,"Greater Mumbai, India",18-Dec-13,Silver,Bills,F,171174
903,"Bengaluru, India",8-May-14,Silver,Fuel,F,282058
904,"Greater Mumbai, India",14-Jul-14,Silver,Bills,F,80869
905,"Bengaluru, India",3-Aug-14,Silver,Food,F,263200
906,"Ahmedabad, India",2-Jun-14,Silver,Food,F,226791
907,"Delhi, India",14-Oct-13,Silver,Entertainment,F,184533
908,"Ahmedabad, India",11-Jan-14,Silver,Grocery,F,216441
909,"Greater Mumbai, India",3-Dec-14,Silver,Fuel,F,289661
910,"Ahmedabad, India",20-Jun-14,Silver,Food,F,10052
911,"Bengaluru, India",19-Sep-14,Silver,Fuel,F,237560
912,"Bengaluru, India",9-Jan-15,Silver,Entertainment,F,47237
913,"Ahmedabad, India",12-Jan-15,Silver,Fuel,F,71160
914,"Greater Mumbai, India",23-Apr-15,Silver,Food,F,72682
915,"Delhi, India",31-Aug-14,Silver,Fuel,F,14092
916,"Bengaluru, India",8-Feb-14,Silver,Bills,F,236228
917,"Delhi, India",16-Jul-14,Silver,Entertainment,F,10545
918,"Greater Mumbai, India",1-Nov-13,Silver,Bills,F,76284
919,"Greater Mumbai, India",26-Apr-14,Silver,Food,F,164032
920,"Greater Mumbai, India",22-Oct-13,Silver,Grocery,F,218315
921,"Ahmedabad, India",22-Mar-14,Silver,Bills,F,32586
922,"Delhi, India",5-Feb-15,Silver,Bills,F,154746
923,"Greater Mumbai, India",19-May-14,Silver,Bills,F,95295
924,"Ahmedabad, India",17-May-14,Silver,Bills,F,182407
925,"Ahmedabad, India",7-Dec-14,Silver,Fuel,F,187593
926,"Bengaluru, India",16-Dec-13,Silver,Food,F,225662
927,"Delhi, India",27-Mar-14,Silver,Fuel,F,245991
928,"Ahmedabad, India",9-Sep-14,Silver,Entertainment,F,60639
929,"Delhi, India",25-May-15,Silver,Fuel,F,78973
930,"Greater Mumbai, India",4-Apr-14,Silver,Grocery,F,191154
931,"Greater Mumbai, India",11-Jun-14,Silver,Fuel,F,35692
932,"Delhi, India",7-Apr-15,Silver,Entertainment,F,92644
933,"Bengaluru, India",27-Apr-15,Silver,Fuel,F,137339
934,"Ahmedabad, India",8-Nov-13,Silver,Entertainment,F,195699
935,"Ahmedabad, India",17-Jan-14,Silver,Grocery,F,74923
936,"Bengaluru, India",29-Nov-14,Silver,Grocery,F,254342
937,"Greater Mumbai, India",16-Feb-15,Silver,Food,F,109836
938,"Greater Mumbai, India",31-Aug-14,Silver,Grocery,F,18188
939,"Greater Mumbai, India",15-Dec-13,Silver,Bills,F,239819
940,"Delhi, India",2-Apr-14,Silver,Entertainment,F,51523
941,"Bengaluru, India",10-Nov-14,Silver,Fuel,F,218805
942,"Ahmedabad, India",7-Mar-15,Silver,Grocery,F,152175
943,"Ahmedabad, India",11-May-14,Silver,Bills,F,45947
944,"Greater Mumbai, India",2-Jan-14,Silver,Bills,F,97386
945,"Ahmedabad, India",19-Feb-14,Silver,Bills,F,77248
946,"Delhi, India",30-Nov-14,Silver,Entertainment,F,24410
947,"Delhi, India",3-Aug-14,Silver,Bills,F,262709
948,"Greater Mumbai, India",24-Aug-14,Silver,Entertainment,F,189510
949,"Delhi, India",6-Nov-14,Silver,Fuel,F,36799
950,"Bengaluru, India",30-Oct-13,Silver,Entertainment,F,226595
951,"Greater Mumbai, India",30-Dec-13,Silver,Grocery,F,15100
952,"Bengaluru, India",26-Dec-13,Silver,Entertainment,F,79665
953,"Delhi, India",23-Apr-14,Silver,Grocery,F,66612
954,"Greater Mumbai, India",5-May-15,Silver,Bills,F,232566
955,"Ahmedabad, India",18-Aug-14,Silver,Bills,F,274636
956,"Bengaluru, India",13-Apr-15,Silver,Entertainment,F,117763
957,"Delhi, India",19-Jan-14,Silver,Food,F,225073
958,"Greater Mumbai, India",7-Feb-14,Silver,Grocery,F,113408
959,"Bengaluru, India",19-Aug-14,Silver,Food,F,31380
960,"Greater Mumbai, India",14-Aug-14,Silver,Bills,F,234225
961,"Greater Mumbai, India",20-Feb-15,Silver,Grocery,F,127139
962,"Ahmedabad, India",14-Nov-13,Silver,Food,F,170980
963,"Bengaluru, India",8-May-15,Silver,Bills,F,198285
964,"Delhi, India",27-Aug-14,Silver,Fuel,F,182768
965,"Delhi, India",9-Jan-14,Silver,Grocery,F,235299
966,"Delhi, India",16-Jan-15,Silver,Food,F,159434
967,"Greater Mumbai, India",24-Jan-14,Silver,Fuel,F,202892
968,"Greater Mumbai, India",26-Feb-14,Silver,Entertainment,F,154492
969,"Greater Mumbai, India",24-Mar-14,Silver,Entertainment,F,104714
970,"Delhi, India",17-May-14,Silver,Entertainment,F,188146
971,"Delhi, India",1-Nov-13,Silver,Grocery,F,190580
972,"Bengaluru, India",13-Mar-15,Silver,Grocery,F,138179
973,"Delhi, India",13-Nov-14,Silver,Entertainment,F,60871
974,"Bengaluru, India",22-Dec-13,Silver,Food,F,248253
975,"Ahmedabad, India",27-Jan-15,Silver,Grocery,F,237342
976,"Bengaluru, India",15-Sep-14,Silver,Grocery,F,7112
977,"Greater Mumbai, India",31-Jan-14,Silver,Fuel,F,156575
978,"Greater Mumbai, India",1-Apr-15,Silver,Grocery,F,288916
979,"Bengaluru, India",29-Apr-15,Silver,Entertainment,F,121801
980,"Bengaluru, India",10-Nov-13,Silver,Entertainment,F,116662
981,"Ahmedabad, India",21-Mar-14,Silver,Food,F,195072
982,"Delhi, India",28-Dec-14,Silver,Bills,F,223356
983,"Greater Mumbai, India",29-Jul-14,Silver,Bills,F,89169
984,"Ahmedabad, India",11-Oct-14,Silver,Bills,F,118329
985,"Bengaluru, India",5-Apr-14,Silver,Fuel,F,33227
986,"Bengaluru, India",9-Mar-15,Silver,Fuel,F,236457
987,"Bengaluru, India",15-Aug-14,Silver,Fuel,F,219889
988,"Greater Mumbai, India",25-May-15,Silver,Fuel,F,176128
989,"Greater Mumbai, India",28-May-14,Silver,Food,F,229461
990,"Bengaluru, India",22-Dec-13,Silver,Entertainment,F,48682
991,"Delhi, India",3-Aug-14,Silver,Fuel,F,111224
992,"Ahmedabad, India",27-Nov-13,Silver,Food,F,186380
993,"Greater Mumbai, India",30-Aug-14,Silver,Food,F,272688
994,"Delhi, India",26-Apr-14,Silver,Food,F,56113
995,"Bengaluru, India",7-Jul-14,Silver,Food,F,194394
996,"Ahmedabad, India",5-May-14,Silver,Entertainment,F,260137
997,"Bengaluru, India",2-Nov-14,Silver,Food,F,225270
998,"Bengaluru, India",18-Apr-14,Silver,Bills,F,189610
999,"Bengaluru, India",1-May-14,Silver,Entertainment,F,110676
1000,"Ahmedabad, India",6-Sep-14,Silver,Food,F,9773